gene,breadth,FRAK,HEEL,mendelian,panelapp,head,arms,legs,pelvis,fn,ls,gefos_fn_z
WNT16,6,7.9642,7.9545,0,0,7.2916,6.1094,6.1094,3.922,5.771,4.7071,3.8138
SLC26A1,6,7.8525,8.0265,1,0,7.4756,7.8573,6.1094,6.3258,5.8006,4.5536,4.3687
FGFRL1,6,7.8448,7.6164,1,0,7.434,7.4529,7.5532,6.3996,5.8432,4.5766,4.7004
FAM3C,6,7.6353,10.208,0,0,6.1094,7.0671,6.1094,4.5379,6.1975,5.6061,3.2234
CPED1,6,7.2149,10.324,0,0,8.1898,8.8366,7.1978,3.5054,3.0921,3.1041,2.2705
IDUA,6,6.7916,7.5587,1,1,6.7372,6.1094,8.1004,5.8128,5.4257,4.1922,3.4697
CCDC170,6,6.7083,10.12,0,0,5.3076,7.6032,7.2925,6.5557,5.7259,7.3299,7.2106
DGKQ,6,6.6446,7.0118,0,0,6.313,7.2758,6.1094,5.5002,5.0481,3.959,3.2211
PPP6R3,6,6.0278,7.2006,0,0,7.1847,5.1204,4.6768,7.1992,4.5093,7.8665,4.9464
LRP5,6,5.2043,9.4471,1,1,7.8714,4.4043,4.6099,6.8969,3.6487,7.8521,4.2492
SOX6,6,5.0421,10.629,1,0,8.3585,8.6915,7.5867,9.5029,7.2696,7.4094,5.5376
SHFM1,6,4.9208,6.1094,0,0,3.3509,5.1869,4.9047,4.0486,2.978,3.9294,5.5985
F2,6,4.8908,6.1094,0,0,4.7801,2.2506,4.1271,4.0487,4.3624,4.5469,4.0969
PACSIN3,6,4.6754,7.203,0,0,7.3089,3.2829,5.8555,5.0976,4.4196,4.7996,3.837
C11orf49,6,4.6459,7.9473,0,0,6.1094,3.0988,5.8662,5.3764,4.726,5.225,3.5085
CKAP5,6,4.5935,7.7519,0,0,6.7048,2.9084,4.3031,4.4241,4.0477,4.2551,2.6772
ARFGAP2,6,4.5733,6.1094,0,0,8.1641,3.112,5.7997,5.1164,4.5315,4.7821,3.8883
ZNF408,6,4.5703,7.2121,1,0,5.8964,2.8948,4.8635,4.8055,4.9429,5.0293,4.4522
ARHGAP1,6,4.5609,6.1094,0,0,4.8439,2.4166,4.3487,4.2668,4.5742,4.7153,4.0923
GAK,6,4.5111,7.2811,0,0,3.0434,4.7261,5.1465,3.6707,3.3914,2.0682,1.834
PIGL,6,4.3459,-0.276,1,0,3.8999,3.2173,3.6154,2.2941,3.9849,3.7884,-0.28769
ESR1,6,4.3146,11.273,1,0,4.3629,7.0901,6.8508,7.3452,5.7182,8.655,4.2188
C11orf58,6,4.2911,6.1094,0,0,3.2651,5.0177,4.0492,5.2887,2.8484,3.2421,3.9473
C7orf76,6,4.2368,7.9615,0,0,6.2988,7.5458,6.1094,6.1094,6.927,7.55,7.7207
TMEM175,6,3.9521,7.1292,0,0,3.2109,4.7255,5.281,3.6365,3.5462,2.3029,1.3816
DGKZ,6,3.9385,7.37,0,0,6.1739,3.2885,4.4554,4.7302,4.5388,4.5202,3.0272
ATG13,6,3.8281,6.1094,0,0,6.0254,3.0682,5.069,4.8866,4.9531,5.1073,3.7037
DDB2,6,3.7763,6.1094,1,0,6.1094,3.2863,5.9075,5.0352,4.2102,4.747,3.3059
MDK,6,3.7472,6.1094,0,0,6.1649,3.2243,4.894,4.7413,4.9114,4.9806,3.3359
WLS,6,3.6879,10.095,1,0,5.9483,5.6463,5.5717,8.9892,7.6115,7.8809,6.8592
AMBRA1,6,3.6277,8.4643,0,0,6.274,3.2229,5.152,4.9016,5.0044,5.0699,3.7628
HARBI1,6,3.622,8.0979,0,0,6.0281,3.1022,5.0196,4.8128,4.8924,5.03,3.5968
PHLDB1,6,3.5907,6.5565,1,0,3.3015,3.7053,2.8827,4.171,2.4156,5.1646,0.35779
CHRM4,6,3.5649,6.9169,0,0,6.6231,3.3713,5.0192,5.0292,5.1336,4.9817,3.4518
IBSP,6,3.4469,9.0679,0,0,5.7672,2.6771,3.1743,5.0984,3.208,4.795,3.5197
PFDN5,6,3.4027,5.907,0,0,2.8219,4.7069,4.199,4.2986,2.0868,4.8259,4.3035
CREB3L1,6,3.2976,7.9437,1,1,5.3836,2.4851,4.0964,4.5321,3.6573,3.6644,1.7463
C12orf10,6,3.223,5.7261,0,0,2.9112,4.8554,4.3617,4.4606,2.2213,4.9551,4.0819
RUNX2,6,3.1741,10.633,1,1,4.4775,2.4494,2.7758,2.0666,2.5115,4.6358,1.0852
CYP19A1,6,3.1424,9.5215,1,0,2.3371,6.3214,5.1605,4.1728,3.1298,5.3456,4.3089
ESPL1,6,3.1084,6.0797,0,0,2.7611,4.4115,4.1204,4.4803,2.25,5.0052,4.2725
WNT4,6,3.0205,7.2442,1,0,7.7452,3.1094,4.191,3.9911,3.9953,3.4562,4.1871
FUBP3,6,3.01,8.5907,0,0,2.6573,3.9789,5.5001,3.0069,4.1346,2.4355,3.964
JAG1,6,2.8066,7.6207,1,0,7.0382,5.6735,4.2741,5.9014,4.6275,6.4061,3.2112
MEPE,6,2.6955,8.6628,0,0,6.6978,2.9069,4.313,6.1094,4.7475,6.5189,5.0942
CDC42,6,2.6445,8.4692,1,0,7.3182,2.2282,3.8997,4.0374,3.2631,2.5459,2.8727
ASPSCR1,6,2.5254,8.0268,0,0,2.7729,2.9688,3.3901,2.7352,3.2764,2.3195,2.0265
NARS2,6,2.3822,3.3365,1,0,2.9047,2.4401,3.1843,3.5819,2.1528,4.614,0.023601
PYCR1,6,2.3748,6.1094,1,1,2.2225,2.8471,3.213,2.7786,3.3435,2.0501,1.6659
NR1H3,6,2.3556,7.7334,0,0,5.8601,2.5841,4.3047,3.354,2.2211,3.1974,2.3472
TNPO1,6,2.34,4.5013,0,0,3.5523,2.7439,2.7048,3.5896,2.7543,3.3187,2.0162
MYADML2,6,2.329,6.1094,0,0,2.2918,2.9281,3.2642,2.8016,3.3349,2.0248,1.7306
MAFG,6,2.1638,5.8842,0,0,2.1789,2.7459,3.1064,2.7784,3.3565,2.0837,1.5037
NOTUM,6,2.1543,6.1094,0,0,2.4762,3.1701,3.414,2.885,3.3563,2.0724,1.7808
CEP120,6,2.122,7.9202,1,1,4.4779,3.05,3.8118,2.5391,2.6636,2.6362,2.3284
PKDCC,6,1.9977,7.7186,1,1,2.8833,6.8231,5.7344,5.4767,5.4879,3.51,3.9703
TMEM171,6,1.906,4.2448,0,0,3.0835,2.7897,2.8291,3.6779,2.587,3.8746,1.3831
TNFRSF11A,6,1.9046,8.1139,1,1,3.729,5.0569,5.6414,6.7636,4.0067,6.0383,1.7695
SEMA4G,6,1.8496,3.3548,0,0,2.1651,2.8199,3.7674,3.661,2.5212,3.9171,-0.37828
GAB2,6,1.8342,3.184,0,0,2.7986,2.1657,3.204,3.5603,2.2594,4.1778,-0.014718
FCHO2,6,1.7405,3.9632,0,0,3.1269,2.905,2.8911,3.9999,2.8593,3.9362,1.6821
KLHL17,6,1.738,6.6222,0,0,2.1416,4.7096,3.8439,2.9442,3.5092,3.2489,0.62109
C17orf82,6,1.7094,6.1094,0,0,3.4398,3.644,3.7136,3.9367,2.4915,2.0164,2.4282
SLC25A13,6,1.5845,9.0677,0,0,2.0983,2.9464,2.5595,2.198,2.5218,2.2743,3.469
C10orf2,6,1.5671,3.4117,0,0,2.3168,3.0495,3.7172,3.777,2.6149,4.0536,-0.20459
RAP1GAP,6,1.5395,7.9421,0,0,4.8563,3.2654,3.5882,3.205,3.3882,3.01,0.62354
MICA,6,1.4157,3.8835,0,0,2.2625,2.3348,2.5931,3.6347,4.207,2.5949,1.0648
C2orf91,6,1.404,9.8159,0,0,2.6157,5.849,4.4731,3.9258,4.257,3.079,1.6012
XKR6,6,1.3197,9.6035,0,0,2.5256,4.4644,2.0146,2.9167,3.4095,2.6943,0.81119
TBX2,6,1.3132,5.8168,1,0,3.5178,3.8379,3.9524,4.0717,2.3951,2.1564,2.4488
LOC283278,6,1.2717,7.7525,0,0,4.1821,4.2354,2.7237,5.1108,2.651,3.1683,2.9499
LIN7C,6,1.1664,7.1607,0,0,7.9413,2.566,2.4137,3.7316,3.2877,4.1439,0.55097
CCND1,6,1.047,4.7539,1,0,3.5088,2.4432,3.6806,4.0087,3.4516,2.6193,2.8623
NFIB,6,1.0177,0.18643,1,0,3.9865,2.6735,3.1287,3.2654,4.3698,2.8108,0.31507
PPP1CB,6,0.97379,7.6941,1,0,2.1984,3.2563,2.6715,2.0773,3.2683,2.4459,2.3467
SNX24,6,0.90245,2.7518,0,0,2.9133,2.6108,3.2468,4.1734,3.1627,3.6016,2.7543
COLEC10,6,0.80782,6.5055,1,0,6.5071,5.9541,6.0873,6.268,5.2974,5.8231,6.398
EIF2B2,6,0.75042,6.9929,0,0,2.9874,3.0951,2.6076,3.9492,2.1944,2.0651,2.0955
SPP1,6,0.68007,7.7923,0,0,6.9137,2.7184,3.2169,5.5078,2.9943,5.657,2.0607
LZTS3,6,0.64925,1.4952,0,0,2.0956,3.1313,2.185,2.1102,2.1944,2.6918,-0.26574
CSNK1G3,6,0.54742,7.3276,0,0,7.4679,4.5868,6.2035,5.0217,4.3293,4.1467,1.5027
PPIC,6,0.49154,2.0977,0,0,2.1905,2.8368,3.1652,3.8222,3.6267,3.3024,3.3441
NR1H4,6,0.42796,0.69883,0,0,2.8809,2.9415,2.3152,2.5244,3.0312,2.755,0.12534
SEMA3D,6,0.39607,3.3496,0,0,2.053,2.9901,2.8746,3.4343,2.2889,2.3045,0.30647
TRIM42,6,0.38889,0.40901,0,0,2.2914,2.8847,3.8737,3.6901,2.3331,2.2293,1.5687
HIST1H2BA,6,0.36426,6.2756,0,0,2.4382,2.4129,3.6417,4.684,3.5836,5.0953,0.54553
TNFRSF11B,6,0.26759,7.2425,1,1,7.3677,7.3967,7.5969,7.569,6.8444,6.943,6.6218
TANGO6,6,0.17845,2.3847,0,0,2.5511,3.4195,2.17,3.2921,2.5538,2.2588,-0.039866
CASR,6,0.029345,1.2591,1,1,2.3566,3.6653,2.681,3.0144,2.5074,3.8421,2.4471
MARC1,6,-0.11138,2.27,0,0,2.1744,4.8944,4.2017,3.766,3.4422,3.5515,0.73223
ZNF592,6,-0.20017,3.8045,1,0,2.9,2.8518,4.2735,3.7927,2.327,2.4138,1.6092
PGF,6,-0.28167,7.2508,0,0,3.4671,3.6617,3.5148,4.3445,2.849,2.2823,1.4786
ALPK3,6,-0.32627,3.5102,1,0,3.1798,3.1291,4.2996,4.2951,2.6789,2.8803,1.5806
C20orf194,6,-0.3866,2.6186,0,0,3.0576,2.2227,2.0935,2.2629,3.1561,3.1463,0.56528
SLC4A11,6,-0.41963,2.3742,0,0,3.0265,2.1123,2.2773,2.1379,3.2321,3.0279,0.22001
DTNBP1,6,-0.69326,2.6255,0,0,2.1445,2.3989,2.6672,2.9517,3.5375,2.0148,0.078299
COL4A2,6,-0.71303,2.5352,0,0,2.324,3.983,3.9792,4.2514,4.4523,3.4665,1.4413
POM121L2,6,-0.73142,4.1407,0,0,3.104,3.0912,3.4303,4.1051,3.3422,4.7563,-0.87168
GALNT3,6,-0.74424,2.338,1,1,4.2295,3.5686,4.1116,4.5484,2.6738,4.7703,5.8326
SLC30A10,6,-0.83008,6.1094,1,0,5.0481,3.2684,4.3958,4.4038,3.5886,3.9954,2.0858
CSRNP3,6,-0.90381,2.9988,0,0,3.8438,4.5139,5.0175,5.6976,2.3686,5.5704,4.9386
MCC,6,-1.2168,2.2229,0,0,2.182,3.9609,2.4726,4.6265,3.4533,3.903,0.53444
NAGK,6,-1.5735,1.5145,0,0,2.3847,2.0131,2.2081,2.2734,2.6862,2.9557,-0.62292
